"time","carrier","modulation"
0.000000,1.900000,1.900000
86400.000000,1.019565,1.887026
172800.000000,-0.769239,1.848479
259200.000000,-1.767602,1.785470
345600.000000,-1.111074,1.699815
432000.000000,0.452153,1.593985
518400.000000,1.412439,1.471029
604800.000000,1.006078,1.334494
691200.000000,-0.172900,1.188315
777600.000000,-0.944575,1.036707
864000.000000,-0.741773,0.884040
950400.000000,0.003252,0.734717
1036800.000000,0.500440,0.593041
1123200.000000,0.420238,0.463099
1209600.000000,0.047672,0.348636
1296000.000000,-0.192164,0.252952
1382400.000000,-0.171235,0.178805
1468800.000000,-0.035313,0.128335
1555200.000000,0.068009,0.102994
1641600.000000,0.102346,0.103515
1728000.000000,0.053002,0.129882
1814400.000000,-0.099322,0.181334
1900800.000000,-0.256379,0.256390
1987200.000000,-0.188028,0.352883
2073600.000000,0.198530,0.468034
2160000.000000,0.593256,0.598521
2246400.000000,0.479098,0.740583
2332800.000000,-0.260040,0.890125
2419200.000000,-1.003838,1.042834
2505600.000000,-0.893411,1.194308
2592000.000000,0.206725,1.340180
2678400.000000,1.350383,1.476245
2764800.000000,1.333572,1.598579
2851200.000000,-0.022619,1.703656
2937600.000000,-1.517622,1.788446
3024000.000000,-1.672287,1.850505
3110400.000000,-0.241601,1.888043
3196800.000000,1.454271,1.899979
3283200.000000,1.801238,1.885968
3369600.000000,0.492333,1.846414
3456000.000000,-1.188789,1.782458
3542400.000000,-1.674471,1.695943
3628800.000000,-0.635722,1.589363
3715200.000000,0.813681,1.465792
3801600.000000,1.328584,1.328792
3888000.000000,0.621095,1.182313
3974400.000000,-0.445393,1.030578
4060800.000000,-0.871231,0.877961
4147200.000000,-0.466577,0.728862
4233600.000000,0.176622,0.587581
4320000.000000,0.442137,0.458189
4406400.000000,0.255612,0.344419
4492800.000000,-0.040674,0.249549
4579200.000000,-0.161907,0.176315
4665600.000000,-0.105180,0.126828
4752000.000000,0.002268,0.102515
4838400.000000,0.088801,0.104077
4924800.000000,0.118305,0.131469
5011200.000000,0.021917,0.183901
5097600.000000,-0.200374,0.259862
5184000.000000,-0.340165,0.357161
5270400.000000,-0.122080,0.472993
5356800.000000,0.406812,0.604020
5443200.000000,0.735935,0.746462
5529600.000000,0.351188,0.896215
5616000.000000,-0.589991,1.048959
5702400.000000,-1.199869,1.200292
5788800.000000,-0.696841,1.345850
5875200.000000,0.652044,1.481438
5961600.000000,1.592549,1.603145
6048000.000000,1.081369,1.707463
6134400.000000,-0.553579,1.791385
6220800.000000,-1.791823,1.852491
6307200.000000,-1.390682,1.889019
6393600.000000,0.326249,1.899916
6480000.000000,1.737380,1.884869
6566400.000000,1.520322,1.844310
6652800.000000,-0.055117,1.779409
6739200.000000,-1.451435,1.692038
6825600.000000,-1.419858,1.584714
6912000.000000,-0.161224,1.460534
6998400.000000,1.027614,1.323075
7084800.000000,1.117108,1.176303
7171200.000000,0.255641,1.024447
7257600.000000,-0.592904,0.871887
7344000.000000,-0.711724,0.723020
7430400.000000,-0.223366,0.582139
7516800.000000,0.258270,0.453305
7603200.000000,0.340019,0.340232
7689600.000000,0.125596,0.246181
7776000.000000,-0.077903,0.173862
7862400.000000,-0.124656,0.125362
7948800.000000,-0.063946,0.102078
8035200.000000,0.033229,0.104681
8121600.000000,0.129032,0.133097
8208000.000000,0.136182,0.186506
8294400.000000,-0.047520,0.263368
8380800.000000,-0.334412,0.361468
8467200.000000,-0.391601,0.477977
8553600.000000,0.024272,0.609537
8640000.000000,1.151321,1.414085
8726400.000000,-0.350787,1.425225
8812800.000000,-1.425670,1.436366
8899200.000000,-0.684948,1.447507
8985600.000000,0.947573,1.458648
9072000.000000,1.387457,1.469789
9158400.000000,0.051086,1.480930
9244800.000000,-1.371190,1.492071
9331200.000000,-1.052997,1.503211
9417600.000000,0.622888,1.514352
9504000.000000,1.523342,1.525493
9590400.000000,0.480000,1.536634
9676800.000000,-1.195207,1.547775
9763200.000000,-1.359380,1.558916
9849600.000000,0.220209,1.570056
9936000.000000,1.539531,1.581197
10022400.000000,0.900249,1.592338
10108800.000000,-0.904237,1.603479
10195200.000000,-1.572713,1.614620
10281600.000000,-0.230832,1.625761
10368000.000000,1.425983,1.636902
10454400.000000,1.274461,1.648042
10540800.000000,-0.515527,1.659183
10627200.000000,-1.667812,1.670324
10713600.000000,-0.694300,1.681465
10800000.000000,1.183556,1.692606
10886400.000000,0.923117,1.003747
10972800.000000,-0.033238,1.014887
11059200.000000,-0.967962,1.026028
11145600.000000,-0.675146,1.037169
11232000.000000,0.494438,1.048310
11318400.000000,1.051785,1.059451
11404800.000000,0.265314,1.070592
11491200.000000,-0.879628,1.081733
11577600.000000,-0.914881,1.092873
11664000.000000,0.227959,1.104014
11750400.000000,1.100406,1.115155
11836800.000000,0.572889,1.126296
11923200.000000,-0.703105,1.137437
12009600.000000,-1.098765,1.148578
12096000.000000,-0.087137,1.159718
12182400.000000,1.056324,1.170859
12268800.000000,0.861629,1.182000
12355200.000000,-0.446104,1.193141
12441600.000000,-1.204189,1.204282
12528000.000000,-0.426333,1.215423
12614400.000000,0.914667,1.226564
12700800.000000,1.103043,1.237704
12787200.000000,-0.124695,1.248845
12873600.000000,-1.214075,1.259986
12960000.000000,-0.760719,1.271127
13046400.000000,0.679408,1.282268
13132800.000000,1.270709,1.293409
13219200.000000,0.237621,1.304549
13305600.000000,-1.118922,1.315690
13392000.000000,-1.059446,1.326831
13478400.000000,0.363628,1.337972
13564800.000000,1.342958,1.349113
13651200.000000,0.611616,1.360254
13737600.000000,-0.918260,1.371395
13824000.000000,-1.292518,1.382535
13910400.000000,-0.011077,1.393676
13996800.000000,1.305257,1.404817
14083200.000000,0.964696,1.415958
14169600.000000,-0.621329,1.427099
14256000.000000,-1.433678,1.438240
14342400.000000,-0.416028,1.449380
14428800.000000,1.152070,1.460521
14515200.000000,1.263715,1.471662
14601600.000000,-0.246879,1.482803
14688000.000000,-1.463110,1.493944
14774400.000000,-0.817657,1.505085
14860800.000000,0.887977,1.516226
14947200.000000,1.478021,1.527366
15033600.000000,0.177932,1.538507
15120000.000000,-1.369699,1.549648
15206400.000000,-1.180287,1.560789
15292800.000000,0.527915,1.571930
15379200.000000,1.582437,1.583071
15465600.000000,0.619489,1.594211
15552000.000000,-1.152619,1.605352
15638400.000000,-1.469265,1.616493
15724800.000000,0.096479,1.627634
15811200.000000,1.559916,1.638775
15897600.000000,1.040381,1.649916
15984000.000000,-0.822054,1.661057
16070400.000000,-1.654182,1.672197
16156800.000000,-0.373717,1.683338
16243200.000000,1.403593,1.694479
16329600.000000,0.826936,1.005620
16416000.000000,-0.236283,1.016761
16502400.000000,-1.018373,1.027902
16588800.000000,-0.504569,1.039042
16675200.000000,0.670859,1.050183
16761600.000000,1.006728,1.061324
16848000.000000,0.052158,1.072465
16934400.000000,-0.989672,1.083606
17020800.000000,-0.777846,1.094747
17107200.000000,0.440568,1.105888
17193600.000000,1.116181,1.117028
17280000.000000,0.367536,1.128169
17366400.000000,-0.869456,1.139310
17452800.000000,-1.011065,1.150451
17539200.000000,0.146630,1.161592
17625600.000000,1.137931,1.172733
17712000.000000,0.683068,1.183873
17798400.000000,-0.659863,1.195014
17884800.000000,-1.178596,1.206155
17971200.000000,-0.189870,1.217296
18057600.000000,1.061507,1.228437
18144000.000000,0.969613,1.239578
18230400.000000,-0.371752,1.250719
18316800.000000,-1.258856,1.261859
18403200.000000,-0.541992,1.273000
18489600.000000,0.884857,1.284141
18576000.000000,1.198312,1.295282
18662400.000000,-0.024306,1.306423
18748800.000000,-1.236691,1.317564
18835200.000000,-0.879107,1.328704
18921600.000000,0.615161,1.339845
19008000.000000,1.343372,1.350986
19094400.000000,0.356201,1.362127
19180800.000000,-1.105273,1.373268
19267200.000000,-1.169534,1.384409
19353600.000000,0.268806,1.395550
19440000.000000,1.384721,1.406690
19526400.000000,0.738378,1.417831
19612800.000000,-0.867335,1.428972
19699200.000000,-1.383454,1.440113
19785600.000000,-0.129507,1.451254
19872000.000000,1.310283,1.462395
19958400.000000,1.088312,1.473535
20044800.000000,-0.535567,1.484676
20131200.000000,-1.495815,1.495817
20217600.000000,-0.548510,1.506958
20304000.000000,1.117644,1.518099
20390400.000000,1.372538,1.529240
20476800.000000,-0.132102,1.540381
20563200.000000,-1.488965,1.551521
20649600.000000,-0.952812,1.562662
20736000.000000,0.814908,1.573803
20822400.000000,1.561155,1.584944
20908800.000000,0.312900,1.596085
20995200.000000,-1.354756,1.607226
21081600.000000,-1.305887,1.618366
21168000.000000,0.420626,1.629507
21254400.000000,1.630784,1.640648
21340800.000000,0.763503,1.651789
21427200.000000,-1.095878,1.662930
21513600.000000,-1.573322,1.674071
21600000.000000,-0.037237,1.685212
21686400.000000,1.567098,1.696352
21772800.000000,0.696774,1.007493
21859200.000000,-0.430472,1.018634
21945600.000000,-1.027566,1.029775
22032000.000000,-0.312862,1.040916
22118400.000000,0.820637,1.052057
22204800.000000,0.920585,1.063197
22291200.000000,-0.163864,1.074338
22377600.000000,-1.059865,1.085479
22464000.000000,-0.608721,1.096620
22550400.000000,0.635989,1.107761
22636800.000000,1.086636,1.118902
22723200.000000,0.146561,1.130043
22809600.000000,-1.001013,1.141183
22896000.000000,-0.881983,1.152324
22982400.000000,0.375191,1.163465
23068800.000000,1.173548,1.174606
23155200.000000,0.476178,1.185747
23241600.000000,-0.847473,1.196888
23328000.000000,-1.105020,1.208028
23414400.000000,0.055039,1.219169
23500800.000000,1.165654,1.230310
23587200.000000,0.796372,1.241451
23673600.000000,-0.604442,1.252592
23760000.000000,-1.252610,1.263733
23846400.000000,-0.300594,1.274874
23932800.000000,1.054947,1.286014
24019200.000000,1.077008,1.297155
24105600.000000,-0.285997,1.308296
24192000.000000,-1.304539,1.319437
24278400.000000,-0.662535,1.330578
24364800.000000,0.842400,1.341719
24451200.000000,1.289199,1.352859
24537600.000000,0.085607,1.364000
24624000.000000,-1.247885,1.375141
24710400.000000,-0.998694,1.386282
24796800.000000,0.538519,1.397423
24883200.000000,1.408130,1.408564
24969600.000000,0.481459,1.419704
25056000.000000,-1.078746,1.430845
25142400.000000,-1.276887,1.441986
25228800.000000,0.163015,1.453127
25315200.000000,1.415663,1.464268
25401600.000000,0.868244,1.475409
25488000.000000,-0.803224,1.486550
25574400.000000,-1.467827,1.497690
25660800.000000,-0.256407,1.508831
25747200.000000,1.302471,1.519972
25833600.000000,1.211033,1.531113
25920000.000000,-0.437524,1.542254
26006400.000000,-1.548027,1.553395
26092800.000000,-0.686080,1.564535
26179200.000000,1.069478,1.575676
26265600.000000,1.476399,1.586817
26352000.000000,-0.007120,1.597958
26438400.000000,-1.502326,1.609099
26524800.000000,-1.089078,1.620240
26611200.000000,0.728431,1.631381
26697600.000000,1.635565,1.642521
26784000.000000,0.454979,1.653662
26870400.000000,-1.325800,1.664803
26956800.000000,-1.428368,1.675944
27043200.000000,0.301503,1.687085
27129600.000000,1.667305,1.698226
27216000.000000,0.537798,1.009366
27302400.000000,-0.607874,1.020507
27388800.000000,-0.995015,1.031648
27475200.000000,-0.107744,1.042789
27561600.000000,0.937588,1.053930
27648000.000000,0.796713,1.065071
27734400.000000,-0.373980,1.076212
27820800.000000,-1.087215,1.087352
27907200.000000,-0.414272,1.098493
27993600.000000,0.806220,1.109634
28080000.000000,1.012821,1.120775
28166400.000000,-0.081105,1.131916
28252800.000000,-1.092313,1.143057
28339200.000000,-0.716630,1.154197
28425600.000000,0.589240,1.165338
28512000.000000,1.161578,1.176479
28598400.000000,0.249279,1.187620
28684800.000000,-1.001227,1.198761
28771200.000000,-0.986304,1.209902
28857600.000000,0.298465,1.221043
28944000.000000,1.222744,1.232183
29030400.000000,0.590242,1.243324
29116800.000000,-0.813264,1.254465
29203200.000000,-1.195439,1.265606
29289600.000000,-0.046270,1.276747
29376000.000000,1.182660,1.287888
29462400.000000,0.911584,1.299028
29548800.000000,-0.536816,1.310169
29635200.000000,-1.319568,1.321310
29721600.000000,-0.418429,1.332451
29808000.000000,1.036043,1.343592
29894400.000000,1.182488,1.354733
29980800.000000,-0.189210,1.365874
30067200.000000,-1.340178,1.377014
30153600.000000,-0.786810,1.388155
30240000.000000,0.787074,1.399296
30326400.000000,1.374385,1.410437
30412800.000000,0.204299,1.421578
30499200.000000,-1.246879,1.432719
30585600.000000,-1.118160,1.443859
30672000.000000,0.449670,1.455000
30758400.000000,1.463793,1.466141
30844800.000000,0.612339,1.477282
30931200.000000,-1.038921,1.488423
31017600.000000,-1.380133,1.499564
31104000.000000,0.046840,1.510705
31190400.000000,1.434835,1.521845
31276800.000000,0.999929,1.532986
31363200.000000,-0.725912,1.544127
31449600.000000,-1.544339,1.555268
31536000.000000,-0.390836,1.566409
31622400.000000,1.281204,1.577550
31708800.000000,1.331461,1.588690
31795200.000000,-0.327603,1.599831
31881600.000000,-1.589208,1.610972
31968000.000000,-0.827523,1.622113
32054400.000000,1.007351,1.633254
32140800.000000,1.573912,1.644395
32227200.000000,0.127273,1.655536
32313600.000000,-1.502382,1.666676
32400000.000000,-1.225063,1.677817
32486400.000000,0.628749,1.688958
32572800.000000,1.000042,1.000099
32659200.000000,0.356365,1.011240
32745600.000000,-0.761214,1.022381
32832000.000000,-0.921892,1.033521
32918400.000000,0.102493,1.044662
33004800.000000,1.016837,1.055803
33091200.000000,0.640015,1.066944
33177600.000000,-0.569625,1.078085
33264000.000000,-1.070463,1.089226
33350400.000000,-0.202318,1.100367
33436800.000000,0.944253,1.111507
33523200.000000,0.897589,1.122648
33609600.000000,-0.306230,1.133789
33696000.000000,-1.139514,1.144930
33782400.000000,-0.521611,1.156071
33868800.000000,0.780028,1.167212
33955200.000000,1.102358,1.178352
34041600.000000,0.011531,1.189493
34128000.000000,-1.114768,1.200634
34214400.000000,-0.827133,1.211775
34300800.000000,0.530509,1.222916
34387200.000000,1.230313,1.234057
34473600.000000,0.359502,1.245198
34560000.000000,-1.182020,1.500534
34646400.000000,-1.265744,1.472493
34732800.000000,0.237508,1.441429
34819200.000000,1.377993,1.407542
34905600.000000,0.746849,1.371048
34992000.000000,-0.778304,1.332181
35078400.000000,-1.250040,1.291189
35164800.000000,-0.146537,1.248334
35251200.000000,1.063107,1.203891
35337600.000000,0.877123,1.158143
35424000.000000,-0.371418,1.111384
35510400.000000,-1.063432,1.063912
35596800.000000,-0.396450,1.016032
35683200.000000,0.693867,0.968049
35769600.000000,0.837122,0.920270
35856000.000000,-0.050226,0.873002
35942400.000000,-0.786328,0.826545
36028800.000000,-0.493655,0.781199
36115200.000000,0.363745,0.737252
36201600.000000,0.687674,0.694985
36288000.000000,0.146457,0.654670
36374400.000000,-0.510116,0.616563
36460800.000000,-0.478267,0.580909
36547200.000000,0.126403,0.547936
36633600.000000,0.512931,0.517855
36720000.000000,0.239114,0.490858
36806400.000000,-0.297767,0.467117
36892800.000000,-0.424049,0.446785
36979200.000000,-0.021662,0.429992
37065600.000000,0.380413,0.416845
37152000.000000,0.289989,0.407428
37238400.000000,-0.159428,0.401802
37324800.000000,-0.399725,0.400002
37411200.000000,-0.131641,0.402040
37497600.000000,0.310827,0.407903
37584000.000000,0.367310,0.417553
37670400.000000,-0.053650,0.430929
37756800.000000,-0.434462,0.447945
37843200.000000,-0.270977,0.468492
37929600.000000,0.271198,0.492439
38016000.000000,0.507952,0.519633
38102400.000000,0.086720,0.549899
38188800.000000,-0.503303,0.583045
38275200.000000,-0.484751,0.618858
38361600.000000,0.194217,0.657108
38448000.000000,0.695807,0.697552
38534400.000000,0.316201,0.739931
38620800.000000,-0.539216,0.783973
38707200.000000,-0.767854,0.829397
38793600.000000,0.014767,0.875913
38880000.000000,0.865996,0.923222
38966400.000000,0.643725,0.971022
39052800.000000,-0.466273,1.019008
39139200.000000,-1.061055,1.066871
39225600.000000,-0.293273,1.114308
39312000.000000,0.933235,1.161013
39398400.000000,1.020523,1.206688
39484800.000000,-0.238827,1.251041
39571200.000000,-1.273182,1.293788
39657600.000000,-0.697051,1.334656
39744000.000000,0.831688,1.373383
39830400.000000,1.354941,1.409722
39916800.000000,0.131320,1.443440
40003200.000000,-1.319824,1.474322
40089600.000000,-1.111227,1.502169
40176000.000000,0.548276,1.526805
40262400.000000,1.548061,1.548070
40348800.000000,0.572484,1.565830
40435200.000000,-1.161326,1.579971
40521600.000000,-1.428655,1.590401
40608000.000000,0.134184,1.597055
40694400.000000,1.534597,1.599890
40780800.000000,0.977111,1.598888
40867200.000000,-0.823012,1.594055
40953600.000000,-1.562101,1.585422
41040000.000000,-0.311077,1.573044
41126400.000000,1.310956,1.557001
41212800.000000,1.242133,1.537395
41299200.000000,-0.388345,1.514351
41385600.000000,-1.478784,1.488017
41472000.000000,-0.676445,1.458562
41558400.000000,0.937980,1.426173
41644800.000000,1.308170,1.391058
41731200.000000,0.032269,1.353442
41817600.000000,-1.212598,1.313565
41904000.000000,-0.881088,1.271683
41990400.000000,0.517031,1.228062
42076800.000000,1.180578,1.182983
42163200.000000,0.343553,1.136733
42249600.000000,-0.848737,1.089608
42336000.000000,-0.903063,1.041911
42422400.000000,0.149887,0.993945
42508800.000000,0.923336,0.946018
42595200.000000,0.500016,0.898436
42681600.000000,-0.487649,0.851504
42768000.000000,-0.782627,0.805522
42854400.000000,-0.099987,0.760784
42940800.000000,0.628834,0.717576
43027200.000000,0.518299,0.676174
43113600.000000,-0.204315,0.636844
43200000.000000,-0.599251,0.599837
43286400.000000,-0.227956,0.565390
43372800.000000,0.377251,0.533722
43459200.000000,0.462329,0.505037
43545600.000000,-0.020811,0.479519
43632000.000000,-0.433039,0.457329
43718400.000000,-0.281949,0.438611
43804800.000000,0.203706,0.423484
43891200.000000,0.408512,0.412044
43977600.000000,0.096029,0.404366
44064000.000000,-0.328136,0.400497
44150400.000000,-0.332888,0.400463
44236800.000000,0.087684,0.404264
44323200.000000,0.407117,0.411876
44409600.000000,0.211390,0.423250
44496000.000000,-0.274599,0.438313
44582400.000000,-0.435707,0.456969
44668800.000000,-0.030904,0.479099
44755200.000000,0.457497,0.504560
44841600.000000,0.384762,0.533191
44928000.000000,-0.216747,0.564807
45014400.000000,-0.599048,0.599208
45100800.000000,-0.216787,0.636172
45187200.000000,0.508471,0.675463
45273600.000000,0.635338,0.716830
45360000.000000,-0.083941,0.760009
45446400.000000,-0.777650,0.804722
45532800.000000,-0.501809,0.850685
45619200.000000,0.483680,0.897603
45705600.000000,0.926656,0.945176
45792000.000000,0.170473,0.993100
45878400.000000,-0.891157,1.041067
45964800.000000,-0.862326,1.088772
46051200.000000,0.320345,1.135910
46137600.000000,1.177919,1.182177
46224000.000000,0.540112,1.227280
46310400.000000,-0.861002,1.270929
46396800.000000,-1.222329,1.312844
46483200.000000,0.003666,1.352759
46569600.000000,1.297283,1.390417
46656000.000000,0.960073,1.425578
46742400.000000,-0.648742,1.458016
46828800.000000,-1.481462,1.487525
46915200.000000,-0.419071,1.513915
47001600.000000,1.222411,1.537018
47088000.000000,1.328147,1.556686
47174400.000000,-0.278375,1.572793
47260800.000000,-1.555845,1.585236
47347200.000000,-0.851615,1.593936
47433600.000000,0.950116,1.598836
47520000.000000,1.543830,1.599906
47606400.000000,0.167794,1.597139
47692800.000000,-1.413701,1.590551
47779200.000000,-1.183868,1.580187
47865600.000000,0.541653,1.566111
47952000.000000,1.548173,1.548414
48038400.000000,0.578421,1.527209
48124800.000000,-1.089953,1.502632
48211200.000000,-1.333882,1.474839
48297600.000000,0.100953,1.444009
48384000.000000,1.347003,1.410339
48470400.000000,0.855011,1.374045
48556800.000000,-0.673195,1.335357
48643200.000000,-1.278486,1.294525
48729600.000000,-0.264889,1.251808
48816000.000000,1.007349,1.207481
48902400.000000,0.948287,1.161827
48988800.000000,-0.270690,1.115137
49075200.000000,-1.059300,1.067712
49161600.000000,-0.485720,1.019852
49248000.000000,0.628764,0.971866
49334400.000000,0.873358,0.924060
49420800.000000,0.033304,0.876740
49507200.000000,-0.761801,0.830208
49593600.000000,-0.551677,0.784762
49680000.000000,0.302304,0.740693
49766400.000000,0.697424,0.698283
49852800.000000,0.207659,0.657803
49939200.000000,-0.477015,0.619511
50025600.000000,-0.509942,0.583653
50112000.000000,0.075301,0.550459
50198400.000000,0.506016,0.520140
50284800.000000,0.280080,0.492891
50371200.000000,-0.263060,0.468885
50457600.000000,-0.436993,0.448276
50544000.000000,-0.062713,0.431197
50630400.000000,0.363209,0.417756
50716800.000000,0.316446,0.408040
50803200.000000,-0.123605,0.402110
50889600.000000,-0.399324,0.400005
50976000.000000,-0.167160,0.401737
51062400.000000,0.283784,0.407296
51148800.000000,0.383747,0.416647
51235200.000000,-0.012574,0.429729
51321600.000000,-0.420672,0.446459
51408000.000000,-0.305053,0.466729
51494400.000000,0.229792,0.490411
51580800.000000,0.513823,0.517352
51667200.000000,0.137503,0.547381
51753600.000000,-0.470702,0.580305
51840000.000000,-0.516775,0.615913
51926400.000000,0.132799,0.653979
52012800.000000,0.684678,0.694257
52099200.000000,0.376828,0.736492
52185600.000000,-0.480265,0.780412
52272000.000000,-0.790760,0.825736
52358400.000000,-0.068569,0.872176
52444800.000000,0.828102,0.919432
52531200.000000,0.707360,0.967205
52617600.000000,-0.376278,1.015187
52704000.000000,-1.063029,1.063072
52790400.000000,-0.393177,1.110553
52876800.000000,0.860338,1.157327
52963200.000000,1.074098,1.203095
53049600.000000,-0.120231,1.247564
53136000.000000,-1.242215,1.290449
53222400.000000,-0.800556,1.331477
53308800.000000,0.722033,1.370384
53395200.000000,1.383138,1.406921
53481600.000000,0.267395,1.440856
53568000.000000,-1.249118,1.471971
53654400.000000,-1.200917,1.500067
53740800.000000,0.409320,1.524965
53827200.000000,1.538923,1.546504
53913600.000000,0.708350,1.564547
54000000.000000,-1.053153,1.578980
54086400.000000,-1.488164,1.589708
54172800.000000,-0.018266,1.596665
54259200.000000,1.484351,1.599805
54345600.000000,1.093558,1.599109
54432000.000000,-0.689229,1.594580
54518400.000000,-1.581648,1.586248
54604800.000000,-0.457109,1.574165
54691200.000000,1.225933,1.558411
54777600.000000,1.324357,1.539084
54864000.000000,-0.247235,1.516309
54950400.000000,-1.458413,1.490231
55036800.000000,-0.797996,1.461018
55123200.000000,0.832759,1.428855
55209600.000000,1.350133,1.393949
55296000.000000,0.161590,1.356524
55382400.000000,-1.161748,1.316818
55468800.000000,-0.967142,1.275085
55555200.000000,0.409563,1.231593
55641600.000000,1.186020,1.186619
55728000.000000,0.446831,1.140452
55814400.000000,-0.782372,1.093386
55900800.000000,-0.951997,1.045723
55987200.000000,0.055665,0.997767
56073600.000000,0.903098,0.949826
56160000.000000,0.571342,0.902206
56246400.000000,-0.420645,0.855211
56332800.000000,-0.800833,0.809142
56419200.000000,-0.172282,0.764294
56505600.000000,0.595776,0.720954
56592000.000000,0.560027,0.679399
56678400.000000,-0.146530,0.639894
56764800.000000,-0.596817,0.602693
56851200.000000,-0.277575,0.568034
56937600.000000,0.341043,0.536137
57024000.000000,0.481674,0.507208
57110400.000000,0.025093,0.481431
57196800.000000,-0.418529,0.458971
57283200.000000,-0.313690,0.439971
57369600.000000,0.167775,0.424554
57456000.000000,0.412559,0.412818
57542400.000000,0.133225,0.404838
57628800.000000,-0.304858,0.400665
57715200.000000,-0.352488,0.400325
57801600.000000,0.049576,0.403822
57888000.000000,0.398581,0.411131
57974400.000000,0.244807,0.422208
58060800.000000,-0.240018,0.436981
58147200.000000,-0.445285,0.455354
58233600.000000,-0.076080,0.477212
58320000.000000,0.433256,0.502414
58406400.000000,0.416350,0.530799
58492800.000000,-0.165223,0.562185
58579200.000000,-0.594805,0.596371
58665600.000000,-0.271564,0.633140
58752000.000000,0.461523,0.672255
58838400.000000,0.660995,0.713466
58924800.000000,-0.011433,0.756510
59011200.000000,-0.750970,0.801112
59097600.000000,-0.562604,0.846986
59184000.000000,0.407611,0.893839
59270400.000000,0.936408,0.941371
59356800.000000,0.262032,0.989278
59443200.000000,-0.832677,1.037253
59529600.000000,-0.918611,1.084990
59616000.000000,0.214196,1.132184
59702400.000000,1.159394,1.178532
59788800.000000,0.640943,1.223738
59875200.000000,-0.765813,1.267513
59961600.000000,-1.259316,1.309576
60048000.000000,-0.125135,1.349660
60134400.000000,1.241025,1.387507
60220800.000000,1.054239,1.422875
60307200.000000,-0.520312,1.455538
60393600.000000,-1.485267,1.485287
60480000.000000,-0.550853,1.500000
60566400.000000,1.100768,1.500000
60652800.000000,1.348596,1.500000
60739200.000000,-0.123419,1.500000
60825600.000000,-1.438040,1.500000
60912000.000000,-0.918751,1.500000
60998400.000000,0.772207,1.500000
61084800.000000,1.478381,1.500000
61171200.000000,0.299199,1.500000
61257600.000000,-1.261547,1.500000
61344000.000000,-1.213462,1.500000
61430400.000000,0.382133,1.500000
61516800.000000,1.490399,1.500000
61603200.000000,0.697983,1.500000
61689600.000000,-0.984560,1.500000
61776000.000000,-1.411509,1.500000
61862400.000000,-0.038382,1.500000
61948800.000000,1.383693,1.500000
62035200.000000,1.041166,1.500000
62121600.000000,-0.629144,1.500000
62208000.000000,-1.497116,1.500000
62294400.000000,-0.455839,1.500000
62380800.000000,1.166762,1.500000
62467200.000000,1.301410,1.500000
62553600.000000,-0.223610,1.500000
62640000.000000,-1.463464,1.500000
62726400.000000,-0.836985,1.500000
62812800.000000,0.856888,1.500000
62899200.000000,1.457985,1.500000
62985600.000000,0.199736,1.500000
63072000.000000,-1.313233,1.500000
63158400.000000,-1.151456,1.500000
63244800.000000,0.478755,1.500000
63331200.000000,1.498417,1.500000
63417600.000000,0.607172,1.500000
63504000.000000,-1.058391,1.500000
63590400.000000,-1.374204,1.500000
63676800.000000,0.062484,1.500000
63763200.000000,1.419487,1.500000
63849600.000000,0.966240,1.500000
63936000.000000,-0.719238,1.500000
64022400.000000,-0.495828,0.500000
64108800.000000,-0.119588,0.500000
64195200.000000,0.409160,0.500000
64281600.000000,0.416113,0.500000
64368000.000000,-0.107597,0.500000
64454400.000000,-0.494090,0.500000
64540800.000000,-0.250478,0.500000
64627200.000000,0.312565,0.500000
64713600.000000,0.476998,0.500000
64800000.000000,0.033123,0.500000
64886400.000000,-0.452993,0.500000
64972800.000000,-0.361415,0.500000
65059200.000000,0.191071,0.500000
65145600.000000,0.499886,0.500000
65232000.000000,0.171205,0.500000
65318400.000000,-0.375812,0.500000
65404800.000000,-0.443561,0.500000
65491200.000000,0.054356,0.500000
65577600.000000,0.482954,0.500000
65664000.000000,0.295648,0.500000
65750400.000000,-0.268693,0.500000
65836800.000000,-0.490374,0.500000
65923200.000000,-0.086689,0.500000
66009600.000000,0.427549,0.500000
66096000.000000,0.396541,0.500000
66182400.000000,-0.140170,0.500000
66268800.000000,-0.498124,0.500000
66355200.000000,-0.220828,0.500000
66441600.000000,0.338087,0.500000
66528000.000000,0.465845,0.500000
66614400.000000,-0.000482,0.500000
66700800.000000,-0.466194,0.500000
66787200.000000,-0.337376,0.500000
66873600.000000,0.221692,0.500000
66960000.000000,0.498040,0.500000
67046400.000000,0.139245,0.500000
67132800.000000,-0.397127,0.500000
67219200.000000,-0.427049,0.500000
67305600.000000,0.087638,0.500000
67392000.000000,0.490562,0.500000
67478400.000000,0.267880,0.500000
67564800.000000,-0.296425,0.500000
67651200.000000,-0.482703,0.500000
67737600.000000,-0.053398,0.500000
67824000.000000,0.444005,0.500000
67910400.000000,1.125526,1.500000
67996800.000000,-0.516330,1.500000
68083200.000000,-1.499718,1.500000
68169600.000000,-0.570539,1.500000
68256000.000000,1.086239,1.500000
68342400.000000,1.357754,1.500000
68428800.000000,-0.102254,1.500000
68515200.000000,-1.431859,1.500000
68601600.000000,-0.935436,1.500000
68688000.000000,0.753934,1.500000
68774400.000000,1.481824,1.500000
68860800.000000,0.319967,1.500000
68947200.000000,-1.249939,1.500000
69033600.000000,-1.225817,1.500000
69120000.000000,0.361570,1.500000
69206400.000000,1.487853,1.500000
69292800.000000,0.716700,1.500000
69379200.000000,-0.968449,1.500000
69465600.000000,-1.418550,1.500000
69552000.000000,-0.059596,1.500000
69638400.000000,1.375360,1.500000
69724800.000000,1.056340,1.500000
69811200.000000,-0.609814,1.500000
69897600.000000,-1.498282,1.500000
69984000.000000,-0.476014,1.500000
70070400.000000,1.153307,1.500000
70156800.000000,1.311834,1.500000
70243200.000000,-0.202600,1.500000
70329600.000000,-1.458661,1.500000
70416000.000000,-0.854514,1.500000
70502400.000000,0.839382,1.500000
70588800.000000,1.462827,1.500000
70675200.000000,0.220752,1.500000
70761600.000000,-1.302845,1.500000
70848000.000000,-1.164944,1.500000
70934400.000000,0.458592,1.500000
71020800.000000,1.497292,1.500000
71107200.000000,0.626519,1.500000
71193600.000000,-1.043245,1.500000
71280000.000000,-1.382574,1.500000
71366400.000000,0.041271,1.500000
71452800.000000,1.412484,1.500000
71539200.000000,0.982378,1.500000
71625600.000000,-0.700540,1.500000
71712000.000000,-1.490070,1.500000
71798400.000000,-0.126446,0.500000
71884800.000000,0.405053,0.500000
71971200.000000,0.419994,0.500000
72057600.000000,-0.100677,0.500000
72144000.000000,-0.492956,0.500000
72230400.000000,-0.256576,0.500000
72316800.000000,0.307011,0.500000
72403200.000000,0.479072,0.500000
72489600.000000,0.040179,0.500000
72576000.000000,-0.449953,0.500000
72662400.000000,-0.366267,0.500000
72748800.000000,0.184513,0.500000
72835200.000000,0.499987,0.500000
72921600.000000,0.177835,0.500000
73008000.000000,-0.371107,0.500000
73094400.000000,-0.446782,0.500000
73180800.000000,0.047317,0.500000
73267200.000000,0.481074,0.500000
73353600.000000,0.301324,0.500000
73440000.000000,-0.262699,0.500000
73526400.000000,-0.491707,0.500000
73612800.000000,-0.093648,0.500000
73699200.000000,0.423839,0.500000
73785600.000000,0.400810,0.500000
73872000.000000,-0.133365,0.500000
73958400.000000,-0.497462,0.500000
74044800.000000,-0.227153,0.500000
74131200.000000,0.332840,0.500000
74217600.000000,0.468368,0.500000
74304000.000000,0.006593,0.500000
74390400.000000,-0.463590,0.500000
74476800.000000,-0.342564,0.500000
74563200.000000,0.215329,0.500000
74649600.000000,0.498616,0.500000
74736000.000000,0.146026,0.500000
74822400.000000,-0.392788,0.500000
74908800.000000,-0.430686,0.500000
74995200.000000,0.080664,0.500000
75081600.000000,0.489144,0.500000
75168000.000000,0.273827,0.500000
75254400.000000,-0.290698,0.500000
75340800.000000,-0.484500,0.500000
75427200.000000,-0.060427,0.500000
75513600.000000,0.440708,0.500000
75600000.000000,0.379815,0.500000
75686400.000000,-0.496350,1.500000
75772800.000000,-1.499156,1.500000
75859200.000000,-0.590112,1.500000
75945600.000000,1.071493,1.500000
76032000.000000,1.366639,1.500000
76118400.000000,-0.081069,1.500000
76204800.000000,-1.425391,1.500000
76291200.000000,-0.951934,1.500000
76377600.000000,0.735509,1.500000
76464000.000000,1.484970,1.500000
76550400.000000,0.340671,1.500000
76636800.000000,-1.238080,1.500000
76723200.000000,-1.237927,1.500000
76809600.000000,0.340935,1.500000
76896000.000000,1.485008,1.500000
76982400.000000,0.735273,1.500000
77068800.000000,-0.952144,1.500000
77155200.000000,-1.425307,1.500000
77241600.000000,-0.080798,1.500000
77328000.000000,1.366751,1.500000
77414400.000000,1.071304,1.500000
77500800.000000,-0.590361,1.500000
77587200.000000,-1.499147,1.500000
77673600.000000,-0.496094,1.500000
77760000.000000,1.139620,1.500000
77846400.000000,1.321995,1.500000
77932800.000000,-0.181550,1.500000
78019200.000000,-1.453567,1.500000
78105600.000000,-0.871872,1.500000
78192000.000000,0.821707,1.500000
78278400.000000,1.467376,1.500000
78364800.000000,0.241723,1.500000
78451200.000000,-1.292196,1.500000
78537600.000000,-1.178198,1.500000
78624000.000000,0.438338,1.500000
78710400.000000,1.495868,1.500000
78796800.000000,0.645741,1.500000
78883200.000000,-1.027890,1.500000
78969600.000000,-1.390668,1.500000
79056000.000000,0.020051,1.500000
79142400.000000,1.405199,1.500000
79228800.000000,0.998319,1.500000
79315200.000000,-0.681702,1.500000
79401600.000000,-1.492359,1.500000
79488000.000000,-0.399834,1.500000
79574400.000000,0.400864,0.500000
79660800.000000,0.423791,0.500000
79747200.000000,-0.093737,0.500000
79833600.000000,-0.491723,0.500000
79920000.000000,-0.262623,0.500000
80006400.000000,0.301397,0.500000
80092800.000000,0.481049,0.500000
80179200.000000,0.047227,0.500000
80265600.000000,-0.446823,0.500000
80352000.000000,-0.371047,0.500000
80438400.000000,0.177919,0.500000
80524800.000000,0.499988,0.500000
80611200.000000,0.184429,0.500000
80697600.000000,-0.366329,0.500000
80784000.000000,-0.449914,0.500000
80870400.000000,0.040270,0.500000
80956800.000000,0.479098,0.500000
81043200.000000,0.306940,0.500000
81129600.000000,-0.256653,0.500000
81216000.000000,-0.492941,0.500000
81302400.000000,-0.100588,0.500000
81388800.000000,0.420043,0.500000
81475200.000000,0.405000,0.500000
81561600.000000,-0.126533,0.500000
81648000.000000,-0.496700,0.500000
81734400.000000,-0.233433,0.500000
81820800.000000,0.327528,0.500000
81907200.000000,0.470798,0.500000
81993600.000000,0.013667,0.500000
82080000.000000,-0.460893,0.500000
82166400.000000,-0.347683,0.500000
82252800.000000,0.208922,0.500000
82339200.000000,0.499092,0.500000
82425600.000000,0.152778,0.500000
82512000.000000,-0.388371,0.500000
82598400.000000,-0.434237,0.500000
82684800.000000,0.073673,0.500000
82771200.000000,0.487629,0.500000
82857600.000000,0.279719,0.500000
82944000.000000,-0.284912,0.500000
83030400.000000,-0.486199,0.500000
83116800.000000,-0.067444,0.500000
83203200.000000,0.437322,0.500000
83289600.000000,0.384378,0.500000
83376000.000000,-0.476272,1.500000
83462400.000000,-1.498295,1.500000
83548800.000000,-0.609566,1.500000
83635200.000000,1.056533,1.500000
83721600.000000,1.375251,1.500000
83808000.000000,-0.059867,1.500000
83894400.000000,-1.418638,1.500000
83980800.000000,-0.968242,1.500000
84067200.000000,0.716938,1.500000
84153600.000000,1.487818,1.500000
84240000.000000,0.361307,1.500000
84326400.000000,-1.225973,1.500000
84412800.000000,-1.249789,1.500000
84499200.000000,0.320232,1.500000
84585600.000000,1.481866,1.500000
84672000.000000,0.753699,1.500000
84758400.000000,-0.935648,1.500000
84844800.000000,-1.431778,1.500000
84931200.000000,-0.101983,1.500000
85017600.000000,1.357869,1.500000
85104000.000000,1.086052,1.500000
85190400.000000,-0.570790,1.500000
85276800.000000,-1.499713,1.500000
85363200.000000,-0.516075,1.500000
85449600.000000,1.125705,1.500000
85536000.000000,1.331891,1.500000
85622400.000000,-0.160463,1.500000
85708800.000000,-1.448181,1.500000
85795200.000000,-0.889056,1.500000
85881600.000000,0.803868,1.500000
85968000.000000,1.471632,1.500000
86054400.000000,0.262646,1.500000
86140800.000000,-1.281288,1.500000
86227200.000000,-1.191216,1.500000
86313600.000000,0.417996,1.500000
